Insert into tbl_librarybranch
	(branch_id, branch_name, branch_address)
	VALUES
	('1','tata', '18727 madda street athupuram'),
	('2', 'Sharpstown', '1888 pookupuram'),
	('3', 'central', '34754 lavadalassi'),
	('4','wheel','6758 dengey')

		Insert into tbl_publisher
	(publisher_name, publisher_address, publisher_phone)
	VALUES
	('gopal rao','dinnakudtha 958','12345678'),
	('subba rao','mamayadhi mogaltghru 8547','87654321'),
	('venkateswara rao','pattu okatosari 754896','15236476'),
	('srinu','nasa pettu moodosarei 754ht6896','1523645454')

	Insert into tbl_books
	(book_id, Title, publisher_name)
	Values
	('1','APJ','gopal rao'),
	('2','ABDUL','subba rao'),
	('3','KALAM','subba rao'),
	('4','PORINKI','subba rao'),
	('5','VIJAYAWADA','srinu'),
	('6','HYDERABAD','srinu'),
	('7','BANAGLORE','venkateswara rao'),
	('8','PUNE','srinu'),
	('9','The Lost tribe','subba rao'),
	('10','COORG','srinu'),
	('11','OOTY','gopal rao'),
	('12','MYSORE','srinu'),
	('13','RAJAHMUNDRY','gopal rao'),
	('14','PENAMALURU','srinu'),
	('15','DELHI','gopal rao'),
	('16','MUMBAI','subba rao'),
	('17','LANZA','venkateswara rao'),
	('18','PILOT','gopal rao'),
	('19','ATHUMUKKA','venkateswara rao'),
	('20','PAKKAKI DENGEY','venkateswara rao')


	Insert into tbl_bookauthors
	(book2_id, author_name)
	Values
	('1','kgr'),
	('2','kvsr'),
	('3','ksr'),
	('4','sasi'),
	('5','sriram'),
	('6','chintu'),
	('7','buddi'),
	('8','bhargav'),
	('9','priyanka'),
	('10','tanuja'),
	('11','anuja'),
	('12','kshetraj'),
	('13','suryansh'),
	('14','stephen king'),
	('15','sasi'),
	('16','stephen king'),
	('17','stephen king'),
	('18','sasi'),
	('19','sriram'),
	('20','kgr')

	Insert into tbl_bookcopies
	(book_id, branch_id, no_of_copies)
	Values
	('1','1','8'),
	('2','2','2'),
	('3','3','2'),
	('4','4','4'),
	('5','1','6'),
	('6','2','7'),
	('7','3','8'),
	('8','4','5'),
	('9','1','4'),
	('10','2','5'),
	('11','3','6'),
	('12','4','7'),
	('13','1','8'),
	('14','2','6'),
	('15','4','7'),
	('16','3','8'),
	('17','1','6'),
	('18','2','6'),
	('19','3','3'),
	('20','4','9')




	Insert into tbl_borrower
	(card_no, borrower_name, borrower_address, borower_phone)
	Values
	('1','sannasi','348 traveloity India','2563745'),
	('2','erri pooku','349 traveloity India','354678'),
	('3','madda','350 traveloity India','35467576'),
	('4','ripsy','341 traveloity India','34654678'),
	('5','niki','342 traveloity India','21435678'),
	('6','dharti','344 traveloity India','578789756'),
	('7','sashank','345 traveloity India','467675475'),
	('8','kunal','346 traveloity India','345754678')

	Insert into tbl_bookloans
	(book3_id, branch3_id, card_no, Date_Out, Date_Due)
	Values
	('1','1','2','08-12-2019','08-21-2019'),
	('2','2','2','08-12-2019','08-22-2019'),
	('3','3','2','08-12-2019','08-22-2019'),
	('4','4','2','08-12-2019','08-22-2019'),
	('5','2','2','08-12-2019','08-22-2019'),
	('6','1','1','08-13-2019','08-22-2019'),
	('7','2','1','08-13-2019','08-22-2019'),
	('8','3','1','08-13-2019','08-22-2019'),
	('9','4','1','08-13-2019','08-22-2019'),
	('10','1','1','08-13-2019','08-22-2019'),
	('10','1','1','08-13-2019','08-22-2019'),
	('10','1','1','08-13-2019','08-22-2019'),
	('10','1','1','08-13-2019','08-22-2019'),
	('10','1','1','08-13-2019','08-22-2019'),
	('10','1','1','08-13-2019','08-22-2019'),
	('10','1','1','08-13-2019','08-22-2019'),
	('10','1','1','08-13-2019','08-22-2019'),
	('10','1','1','08-13-2019','08-22-2019'),
	('10','1','1','08-13-2019','08-22-2019'),
	('10','1','1','08-13-2019','08-22-2019'),
	('10','1','1','08-13-2019','08-22-2019'),
	('10','1','1','08-13-2019','08-22-2019'),
	('10','1','1','08-13-2019','08-22-2019'),

	('10','1','1','08-13-2019','08-22-2019'),
	('10','1','1','08-13-2019','08-22-2019'),
	('10','1','1','08-13-2019','08-22-2019'),
	('10','1','1','08-13-2019','08-22-2019'),
	('10','1','1','08-13-2019','08-22-2019'),
	('10','1','1','08-13-2019','08-22-2019'),
	('10','1','1','08-13-2019','08-22-2019'),

	('10','1','1','08-13-2019','08-22-2019'),
	('10','1','1','08-13-2019','08-22-2019'),
	('10','1','1','08-13-2019','08-22-2019'),
	('10','1','1','08-13-2019','08-22-2019'),
	('10','1','1','08-13-2019','08-22-2019'),
	('10','1','1','08-13-2019','08-22-2019'),

	('10','1','1','08-13-2019','08-22-2019'),
	('10','1','1','08-13-2019','08-22-2019'),

	('10','1','1','08-13-2019','08-22-2019'),
	('10','1','1','08-13-2019','08-22-2019')
